{
	"Settings": {
		"tempo": 130,
		"master_volume": 1.000000
	},
	"SpeakerComponent": {
		"id": 0,
		"pos_x": 1372.000000,
		"pos_y": 348.000000,
		"size_x": 101.000000,
		"size_y": 113.000000
	},
	"KeyboardComponent": {
		"id": 1,
		"pos_x": 60.000000,
		"pos_y": 60.000000,
		"size_x": 100.000000,
		"size_y": 100.000000
	},
	"OscillatorComponent": {
		"id": 3,
		"pos_x": 202.000000,
		"pos_y": 84.000000,
		"size_x": 155.000000,
		"size_y": 341.000000,
		"invert": 0,
		"phase": 0.000000,
		"transpose": 0,
		"detune": 0.000000,
		"portamento": 0.000000,
		"attack": 0.100000,
		"hold": 0.500000,
		"decay": 1.000000,
		"sustain": 0.500000,
		"release": 0.000000,
		"waveform": 2
	},
	"PhaserComponent": {
		"id": 4,
		"pos_x": 686.000000,
		"pos_y": 235.000000,
		"size_x": 155.000000,
		"size_y": 226.000000,
		"rate": 1.000000,
		"min_depth": 500.000000,
		"max_depth": 1000.000000,
		"phase": 0.020000,
		"num_stages": 10,
		"feedback": 0.200000,
		"drywet": 0.700000
	},
	"Connection": {
		"component_out": 4,
		"component_in": 0,
		"offset_out": 0,
		"offset_in": 0,
		"weight": 1.000000
	},
	"Connection": {
		"component_out": 1,
		"component_in": 3,
		"offset_out": 0,
		"offset_in": 0,
		"weight": 1.000000
	},
	"Connection": {
		"component_out": 3,
		"component_in": 4,
		"offset_out": 0,
		"offset_in": 0,
		"weight": 1.000000
	}
}