{
	"Settings": {
		"tempo": 130,
		"master_volume": 1.000000
	},
	"SpeakerComponent": {
		"id": 0,
		"pos_x": 1372.000000,
		"pos_y": 348.000000,
		"size_x": 100.000000,
		"size_y": 100.000000
	},
	"KeyboardComponent": {
		"id": 1,
		"pos_x": 60.000000,
		"pos_y": 60.000000,
		"size_x": 100.000000,
		"size_y": 100.000000
	},
	"ArpComponent": {
		"id": 2,
		"pos_x": 225.000000,
		"pos_y": 132.000000,
		"size_x": 142.000000,
		"size_y": 338.000000,
		"steps": 1.000100
	},
	"OscillatorComponent": {
		"id": 3,
		"pos_x": 483.000000,
		"pos_y": 78.000000,
		"size_x": 181.000000,
		"size_y": 348.000000,
		"invert": 0,
		"phase": 0.000000,
		"transpose": 12,
		"detune": 0.000000,
		"portamento": 0.000000,
		"attack": 0.100000,
		"hold": 0.500000,
		"decay": 1.000000,
		"sustain": 0.600000,
		"release": 0.600000,
		"waveform": 2
	},
	"Connection": {
		"component_out": 3,
		"component_in": 0,
		"offset_out": 0,
		"offset_in": 0,
		"weight": 1.000000
	},
	"Connection": {
		"component_out": 1,
		"component_in": 2,
		"offset_out": 0,
		"offset_in": 0,
		"weight": 1.000000
	},
	"Connection": {
		"component_out": 2,
		"component_in": 3,
		"offset_out": 0,
		"offset_in": 0,
		"weight": 1.000000
	}
}