{
	"Settings": {
		"tempo": 130,
		"master_volume": 1.000000
	},
	"SpeakerComponent": {
		"id": 0,
		"pos_x": 383.000000,
		"pos_y": 590.000000,
		"size_x": 101.000000,
		"size_y": 113.000000
	},
	"KeyboardComponent": {
		"id": 1,
		"pos_x": 60.000000,
		"pos_y": 60.000000,
		"size_x": 85.000000,
		"size_y": 64.000000
	},
	"AdditiveSynthComponent": {
		"id": 2,
		"pos_x": 28.000000,
		"pos_y": 309.000000,
		"size_x": 336.000000,
		"size_y": 179.000000,
		"harmonics": [ 1.000000, 0.000000, 0.333333, 0.000000, 0.200000, 0.000000, 0.142857, 0.000000, 0.111111, 0.000000, 0.090909, 0.000000, 0.076923, 0.000000, 0.066667, 0.000000, 0.058824, 0.000000, 0.052632, 0.000000, 0.047619, 0.000000, 0.043478, 0.000000, 0.040000, 0.000000, 0.037037, 0.000000, 0.034483, 0.000000, 0.032258, 0.000000 ]
	},
	"OscilloscopeComponent": {
		"id": 3,
		"pos_x": 562.000000,
		"pos_y": 42.000000,
		"size_x": 1015.000000,
		"size_y": 385.000000
	},
	"SpectrumComponent": {
		"id": 4,
		"pos_x": 564.000000,
		"pos_y": 432.000000,
		"size_x": 1013.000000,
		"size_y": 443.000000
	},
	"Connection": {
		"component_out": 2,
		"component_in": 0,
		"offset_out": 0,
		"offset_in": 0,
		"weight": 0.690000
	},
	"Connection": {
		"component_out": 1,
		"component_in": 2,
		"offset_out": 0,
		"offset_in": 0,
		"weight": 1.000000
	},
	"Connection": {
		"component_out": 0,
		"component_in": 3,
		"offset_out": 0,
		"offset_in": 0,
		"weight": 1.000000
	},
	"Connection": {
		"component_out": 0,
		"component_in": 4,
		"offset_out": 0,
		"offset_in": 0,
		"weight": 1.000000
	}
}