{
	"Settings": {
		"tempo": 130,
		"master_volume": 1.000000
	},
	"SpeakerComponent": {
		"id": 0,
		"pos_x": 346.000000,
		"pos_y": 576.000000,
		"size_x": 101.000000,
		"size_y": 113.000000
	},
	"KeyboardComponent": {
		"id": 1,
		"pos_x": 60.000000,
		"pos_y": 60.000000,
		"size_x": 100.000000,
		"size_y": 100.000000
	},
	"OscillatorComponent": {
		"id": 2,
		"pos_x": 177.000000,
		"pos_y": 69.000000,
		"size_x": 155.000000,
		"size_y": 341.000000,
		"invert": 0,
		"phase": 0.000000,
		"transpose": 0,
		"detune": 0.000000,
		"portamento": 0.000000,
		"attack": 0.100000,
		"hold": 0.500000,
		"decay": 1.000000,
		"sustain": 0.500000,
		"release": 0.000000,
		"waveform": 2
	},
	"FlangerComponent": {
		"id": 3,
		"pos_x": 420.000000,
		"pos_y": 194.000000,
		"size_x": 141.000000,
		"size_y": 203.000000,
		"delay": 0.261000,
		"depth": 2.338000,
		"rate": 0.519000,
		"phase": 0.545000,
		"feedback": 0.844000,
		"drywet": 1.000000
	},
	"VectorscopeComponent": {
		"id": 4,
		"pos_x": 707.000000,
		"pos_y": 94.000000,
		"size_x": 721.000000,
		"size_y": 670.000000
	},
	"Connection": {
		"component_out": 3,
		"component_in": 0,
		"offset_out": 0,
		"offset_in": 0,
		"weight": 1.000000
	},
	"Connection": {
		"component_out": 1,
		"component_in": 2,
		"offset_out": 0,
		"offset_in": 0,
		"weight": 1.000000
	},
	"Connection": {
		"component_out": 2,
		"component_in": 3,
		"offset_out": 0,
		"offset_in": 0,
		"weight": 1.000000
	},
	"Connection": {
		"component_out": 0,
		"component_in": 4,
		"offset_out": 0,
		"offset_in": 0,
		"weight": 1.000000
	}
}