{
	"Settings": {
		"tempo": 130,
		"master_volume": 1.000000
	},
	"KeyboardComponent": {
		"id": 1,
		"pos_x": 60.000000,
		"pos_y": 60.000000,
		"size_x": 64.000000,
		"size_y": 64.000000
	},
	"OscillatorComponent": {
		"id": 4,
		"pos_x": 169.000000,
		"pos_y": 36.000000,
		"size_x": 400.000000,
		"size_y": 192.000000,
		"waveform": 2,
		"invert": 0,
		"phase": 0.000000,
		"stereo": 0.000000,
		"transpose": 0,
		"detune": 0.000000,
		"portamento": 0.000000,
		"attack": 0.000000,
		"hold": 0.000000,
		"decay": 1.000000,
		"sustain": 0.000000,
		"release": 0.000000,
		"flt_attack": 0.100000,
		"flt_hold": 0.500000,
		"flt_decay": 1.000000,
		"flt_release": 1.000000,
		"flt_min": 1.000000,
		"flt_multiply": 0.000000,
		"flt_resonance": 0.000000
	},
	"ReverbComponent": {
		"id": 5,
		"pos_x": 689.000000,
		"pos_y": 151.000000,
		"size_x": 176.000000,
		"size_y": 169.000000,
		"room": 1.000000,
		"decay": 1.000000,
		"spread": 0.200000,
		"damp": 0.200000,
		"dry": 0.000000,
		"wet": 0.000000
	},
	"SpeakerComponent": {
		"id": 0,
		"pos_x": 1372.000000,
		"pos_y": 348.000000,
		"size_x": 101.000000,
		"size_y": 113.000000
	},
	"Connection": {
		"component_out": 1,
		"component_in": 4,
		"offset_out": 0,
		"offset_in": 0,
		"weight": 1.000000
	},
	"Connection": {
		"component_out": 4,
		"component_in": 5,
		"offset_out": 0,
		"offset_in": 0,
		"weight": 1.000000
	},
	"Connection": {
		"component_out": 5,
		"component_in": 0,
		"offset_out": 0,
		"offset_in": 0,
		"weight": 1.000000
	}
}