{
	"Settings": {
		"tempo": 174,
		"master_volume": 1.000000
	},
	"SpeakerComponent": {
		"id": 0,
		"pos_x": 1268.000000,
		"pos_y": 235.000000
	},
	"SequencerComponent": {
		"id": 1,
		"pos_x": 60.000000,
		"pos_y": 60.000000,
		"pattern": [ 1.000000, 0.000000, 0.000000, 0.000000, 0.000000, 0.000000, 0.000000, 0.000000, 0.000000, 0.000000, 1.000000, 0.000000, 0.000000, 0.000000, 0.000000, 0.000000 ]
	},
	"SamplerComponent": {
		"id": 2,
		"pos_x": 589.000000,
		"pos_y": 77.000000,
		"filename": "samples/kick.wav"
	},
	"SequencerComponent": {
		"id": 3,
		"pos_x": 53.000000,
		"pos_y": 200.000000,
		"pattern": [ 0.000000, 0.000000, 0.000000, 0.000000, 1.000000, 0.000000, 0.000000, 0.000000, 0.000000, 0.000000, 0.000000, 0.000000, 1.000000, 0.000000, 0.000000, 0.000000 ]
	},
	"SamplerComponent": {
		"id": 4,
		"pos_x": 566.000000,
		"pos_y": 213.000000,
		"filename": "samples/snare.wav"
	},
	"SequencerComponent": {
		"id": 5,
		"pos_x": 57.000000,
		"pos_y": 346.000000,
		"pattern": [ 0.000000, 0.000000, 1.000000, 0.000000, 0.000000, 0.000000, 1.000000, 0.000000, 1.000000, 0.000000, 0.000000, 0.000000, 0.000000, 0.000000, 1.000000, 0.000000 ]
	},
	"SamplerComponent": {
		"id": 6,
		"pos_x": 585.000000,
		"pos_y": 334.000000,
		"filename": "samples/909_hat.wav"
	},
	"OscillatorComponent": {
		"id": 7,
		"pos_x": 260.000000,
		"pos_y": 514.000000,
		"waveform": 2,
		"invert": 0,
		"phase": 0.000000,
		"transpose": -12,
		"detune": 0.000000,
		"portamento": 2.000000,
		"attack": 0.100000,
		"hold": 0.500000,
		"decay": 1.000000,
		"sustain": 0.500000,
		"release": 0.000000
	},
	"OscillatorComponent": {
		"id": 8,
		"pos_x": 450.000000,
		"pos_y": 514.000000,
		"waveform": 2,
		"invert": 0,
		"phase": 0.000000,
		"transpose": -12,
		"detune": 25.580999,
		"portamento": 2.000000,
		"attack": 0.100000,
		"hold": 0.500000,
		"decay": 1.000000,
		"sustain": 0.500000,
		"release": 0.000000
	},
	"FilterComponent": {
		"id": 9,
		"pos_x": 778.000000,
		"pos_y": 583.000000,
		"filter_type": 2,
		"cutoff": 70.764000,
		"resonance": 0.780000
	},
	"DistortionComponent": {
		"id": 10,
		"pos_x": 985.000000,
		"pos_y": 436.000000,
		"amount": 0.824000
	},
	"Connection": {
		"component_out": 1,
		"component_in": 2,
		"offset_out": 0,
		"offset_in": 0,
		"weight": 1.000000
	},
	"Connection": {
		"component_out": 2,
		"component_in": 0,
		"offset_out": 0,
		"offset_in": 0,
		"weight": 1.000000
	},
	"Connection": {
		"component_out": 3,
		"component_in": 4,
		"offset_out": 0,
		"offset_in": 0,
		"weight": 1.000000
	},
	"Connection": {
		"component_out": 4,
		"component_in": 0,
		"offset_out": 0,
		"offset_in": 0,
		"weight": 0.900000
	},
	"Connection": {
		"component_out": 5,
		"component_in": 6,
		"offset_out": 0,
		"offset_in": 0,
		"weight": 1.000000
	},
	"Connection": {
		"component_out": 6,
		"component_in": 0,
		"offset_out": 0,
		"offset_in": 0,
		"weight": 0.600000
	},
	"Connection": {
		"component_out": 7,
		"component_in": 9,
		"offset_out": 0,
		"offset_in": 0,
		"weight": 1.000000
	},
	"Connection": {
		"component_out": 8,
		"component_in": 9,
		"offset_out": 0,
		"offset_in": 0,
		"weight": 1.000000
	},
	"Connection": {
		"component_out": 9,
		"component_in": 10,
		"offset_out": 0,
		"offset_in": 0,
		"weight": 1.000000
	},
	"Connection": {
		"component_out": 10,
		"component_in": 0,
		"offset_out": 0,
		"offset_in": 0,
		"weight": 1.000000
	}
}