{
	"Settings": {
		"tempo": 174,
		"master_volume": 1.000000
	},
	"SpeakerComponent": {
		"id": 0,
		"pos_x": 1462.000000,
		"pos_y": 255.000000,
		"size_x": 100.000000,
		"size_y": 121.000000
	},
	"SequencerComponent": {
		"id": 1,
		"pos_x": 60.000000,
		"pos_y": 60.000000,
		"size_x": 392.000000,
		"size_y": 116.000000,
		"pattern": [ 1.000000, 0.000000, 0.000000, 0.000000, 0.000000, 0.000000, 0.000000, 0.000000, 0.000000, 0.000000, 1.000000, 0.000000, 0.000000, 0.000000, 0.000000, 0.000000 ]
	},
	"SamplerComponent": {
		"id": 2,
		"pos_x": 587.000000,
		"pos_y": 29.000000,
		"size_x": 283.000000,
		"size_y": 192.000000,
		"base_note": 36,
		"attack": 0.000000,
		"hold": 0.500000,
		"decay": 1.000000,
		"sustain": 0.500000,
		"release": 0.000000,
		"filename": "samples/kick.wav"
	},
	"SequencerComponent": {
		"id": 3,
		"pos_x": 53.000000,
		"pos_y": 200.000000,
		"size_x": 392.000000,
		"size_y": 116.000000,
		"pattern": [ 0.000000, 0.000000, 0.000000, 0.000000, 1.000000, 0.000000, 0.000000, 0.000000, 0.000000, 0.000000, 0.000000, 0.000000, 1.000000, 0.000000, 0.000000, 0.000000 ]
	},
	"SamplerComponent": {
		"id": 4,
		"pos_x": 590.000000,
		"pos_y": 227.000000,
		"size_x": 276.000000,
		"size_y": 194.000000,
		"base_note": 39,
		"attack": 0.000000,
		"hold": 0.500000,
		"decay": 1.000000,
		"sustain": 0.500000,
		"release": 0.000000,
		"filename": "samples/snare.wav"
	},
	"SequencerComponent": {
		"id": 5,
		"pos_x": 57.000000,
		"pos_y": 346.000000,
		"size_x": 392.000000,
		"size_y": 116.000000,
		"pattern": [ 0.000000, 0.000000, 1.000000, 0.000000, 0.000000, 0.000000, 1.000000, 0.000000, 1.000000, 0.000000, 0.000000, 0.000000, 0.000000, 0.000000, 1.000000, 0.000000 ]
	},
	"SamplerComponent": {
		"id": 6,
		"pos_x": 590.000000,
		"pos_y": 430.000000,
		"size_x": 287.000000,
		"size_y": 196.000000,
		"base_note": 36,
		"attack": 0.000000,
		"hold": 0.500000,
		"decay": 1.000000,
		"sustain": 0.500000,
		"release": 0.000000,
		"filename": "samples/909_hat.wav"
	},
	"OscillatorComponent": {
		"id": 7,
		"pos_x": 276.000000,
		"pos_y": 468.000000,
		"size_x": 289.000000,
		"size_y": 195.000000,
		"invert": 0,
		"phase": 0.000000,
		"transpose": -12,
		"detune": 0.000000,
		"portamento": 4.000000,
		"attack": 0.100000,
		"hold": 0.500000,
		"decay": 1.000000,
		"sustain": 0.500000,
		"release": 0.000000,
		"waveform": 2
	},
	"OscillatorComponent": {
		"id": 8,
		"pos_x": 278.000000,
		"pos_y": 674.000000,
		"size_x": 285.000000,
		"size_y": 194.000000,
		"invert": 0,
		"phase": 0.233000,
		"transpose": -12,
		"detune": 25.580999,
		"portamento": 4.000000,
		"attack": 0.100000,
		"hold": 0.500000,
		"decay": 1.000000,
		"sustain": 0.500000,
		"release": 0.000000,
		"waveform": 2
	},
	"FilterComponent": {
		"id": 9,
		"pos_x": 768.000000,
		"pos_y": 667.000000,
		"size_x": 148.000000,
		"size_y": 144.000000,
		"cutoff": 488.741119,
		"resonance": 0.780000,
		"filter_type": 0
	},
	"KeyboardComponent": {
		"id": 11,
		"pos_x": 22.000000,
		"pos_y": 510.000000,
		"size_x": 100.000000,
		"size_y": 100.000000
	},
	"FlangerComponent": {
		"id": 12,
		"pos_x": 1080.000000,
		"pos_y": 661.000000,
		"size_x": 184.000000,
		"size_y": 174.000000,
		"delay": 0.500000,
		"depth": 1.689000,
		"rate": 0.260000,
		"phase": 0.020000,
		"feedback": 0.532000,
		"drywet": 0.364000
	},
	"DistortionComponent": {
		"id": 13,
		"pos_x": 1328.000000,
		"pos_y": 559.000000,
		"size_x": 127.000000,
		"size_y": 122.000000,
		"amount": 0.897000
	},
	"Connection": {
		"component_out": 2,
		"component_in": 0,
		"offset_out": 0,
		"offset_in": 0,
		"weight": 1.000000
	},
	"Connection": {
		"component_out": 4,
		"component_in": 0,
		"offset_out": 0,
		"offset_in": 0,
		"weight": 0.900000
	},
	"Connection": {
		"component_out": 6,
		"component_in": 0,
		"offset_out": 0,
		"offset_in": 0,
		"weight": 0.600000
	},
	"Connection": {
		"component_out": 13,
		"component_in": 0,
		"offset_out": 0,
		"offset_in": 0,
		"weight": 0.660000
	},
	"Connection": {
		"component_out": 9,
		"component_in": 0,
		"offset_out": 0,
		"offset_in": 0,
		"weight": 0.800000
	},
	"Connection": {
		"component_out": 1,
		"component_in": 2,
		"offset_out": 0,
		"offset_in": 0,
		"weight": 1.000000
	},
	"Connection": {
		"component_out": 3,
		"component_in": 4,
		"offset_out": 0,
		"offset_in": 0,
		"weight": 1.000000
	},
	"Connection": {
		"component_out": 5,
		"component_in": 6,
		"offset_out": 0,
		"offset_in": 0,
		"weight": 1.000000
	},
	"Connection": {
		"component_out": 11,
		"component_in": 7,
		"offset_out": 0,
		"offset_in": 0,
		"weight": 1.000000
	},
	"Connection": {
		"component_out": 11,
		"component_in": 8,
		"offset_out": 0,
		"offset_in": 0,
		"weight": 1.000000
	},
	"Connection": {
		"component_out": 7,
		"component_in": 9,
		"offset_out": 0,
		"offset_in": 0,
		"weight": 1.000000
	},
	"Connection": {
		"component_out": 8,
		"component_in": 9,
		"offset_out": 0,
		"offset_in": 0,
		"weight": 1.000000
	},
	"Connection": {
		"component_out": 9,
		"component_in": 12,
		"offset_out": 0,
		"offset_in": 0,
		"weight": 1.000000
	},
	"Connection": {
		"component_out": 12,
		"component_in": 13,
		"offset_out": 0,
		"offset_in": 0,
		"weight": 1.000000
	}
}