{
	"Settings": {
		"tempo": 130,
		"master_volume": 1.000000
	},
	"SpeakerComponent": {
		"id": 0,
		"pos_x": 1372.000000,
		"pos_y": 348.000000,
		"size_x": 101.000000,
		"size_y": 113.000000
	},
	"KeyboardComponent": {
		"id": 1,
		"pos_x": 60.000000,
		"pos_y": 60.000000,
		"size_x": 100.000000,
		"size_y": 100.000000
	},
	"OscillatorComponent": {
		"id": 2,
		"pos_x": 77.000000,
		"pos_y": 198.000000,
		"size_x": 291.000000,
		"size_y": 195.000000,
		"invert": 1,
		"phase": 0.000000,
		"transpose": 0,
		"detune": 0.000000,
		"portamento": 0.000000,
		"attack": 0.100000,
		"hold": 0.500000,
		"decay": 1.000000,
		"sustain": 0.500000,
		"release": 0.000000,
		"waveform": 2
	},
	"EqualizerComponent": {
		"id": 3,
		"pos_x": 430.000000,
		"pos_y": 100.000000,
		"size_x": 882.000000,
		"size_y": 733.000000,
		"NUM_BANDS": 4,
		"Band_0": {
			"mode": 2,
			"freq": 80.726295,
			"Q": 0.800000,
			"gain": -0.059211
		},
		"Band_1": {
			"mode": 3,
			"freq": 201.151718,
			"Q": 1.000000,
			"gain": 6.868421
		},
		"Band_2": {
			"mode": 3,
			"freq": 771.018677,
			"Q": 1.700000,
			"gain": -14.743421
		},
		"Band_3": {
			"mode": 5,
			"freq": 5173.068359,
			"Q": 1.700000,
			"gain": 4.263158
		}
	},
	"Connection": {
		"component_out": 3,
		"component_in": 0,
		"offset_out": 0,
		"offset_in": 0,
		"weight": 1.000000
	},
	"Connection": {
		"component_out": 1,
		"component_in": 2,
		"offset_out": 0,
		"offset_in": 0,
		"weight": 1.000000
	},
	"Connection": {
		"component_out": 2,
		"component_in": 3,
		"offset_out": 0,
		"offset_in": 0,
		"weight": 1.000000
	}
}