{
	"Settings": {
		"tempo": 130,
		"master_volume": 1.000000
	},
	"SpeakerComponent": {
		"id": 0,
		"pos_x": 279.000000,
		"pos_y": 496.000000,
		"size_x": 101.000000,
		"size_y": 113.000000
	},
	"KeyboardComponent": {
		"id": 1,
		"pos_x": 60.000000,
		"pos_y": 60.000000,
		"size_x": 114.000000,
		"size_y": 64.000000
	},
	"FMComponent": {
		"id": 2,
		"pos_x": 103.000000,
		"pos_y": 165.000000,
		"size_x": 295.000000,
		"size_y": 208.000000,
		"ratio_0": 0.250000,
		"ratio_1": 1.000000,
		"ratio_2": 6.707500,
		"ratio_3": 8.000000,
		"attack_0": 0.100000,
		"attack_1": 1.000000,
		"attack_2": 0.100000,
		"attack_3": 0.100000,
		"hold_0": 0.500000,
		"hold_1": 0.000000,
		"hold_2": 0.500000,
		"hold_3": 0.500000,
		"decays_0": 1.000000,
		"decays_1": 2.000000,
		"decays_2": 1.000000,
		"decays_3": 1.000000,
		"sustain_0": 0.190000,
		"sustain_1": 0.730000,
		"sustain_2": 0.300000,
		"sustain_3": 1.000000,
		"weights": [ 0.000000, 0.000000, 2.000000, 0.000000, 2.000000, 0.000000, 0.000000, 0.000000, 0.000000, 0.380000, 0.000000, 0.000000, 0.000000, 0.000000, 0.580000, 0.000000 ],
		"outs": [ 1.000000, 0.000000, 0.000000, 0.000000 ]
	},
	"OscilloscopeComponent": {
		"id": 3,
		"pos_x": 470.000000,
		"pos_y": 466.000000,
		"size_x": 927.000000,
		"size_y": 386.000000
	},
	"SpectrumComponent": {
		"id": 4,
		"pos_x": 462.000000,
		"pos_y": 33.000000,
		"size_x": 940.000000,
		"size_y": 416.000000
	},
	"Connection": {
		"component_out": 2,
		"component_in": 0,
		"offset_out": 0,
		"offset_in": 0,
		"weight": 1.000000
	},
	"Connection": {
		"component_out": 1,
		"component_in": 2,
		"offset_out": 0,
		"offset_in": 0,
		"weight": 1.000000
	},
	"Connection": {
		"component_out": 0,
		"component_in": 3,
		"offset_out": 0,
		"offset_in": 0,
		"weight": 1.000000
	},
	"Connection": {
		"component_out": 0,
		"component_in": 4,
		"offset_out": 0,
		"offset_in": 0,
		"weight": 1.000000
	}
}