{
	"Settings": {
		"tempo": 110,
		"master_volume": 0.520000
	},
	"SpeakerComponent": {
		"id": 0,
		"pos_x": 1372.000000,
		"pos_y": 348.000000,
		"size_x": 101.000000,
		"size_y": 113.000000
	},
	"FMComponent": {
		"id": 3,
		"pos_x": 628.000000,
		"pos_y": 184.000000,
		"size_x": 288.000000,
		"size_y": 204.000000,
		"ratio_0": 2.000000,
		"ratio_1": 3.000000,
		"ratio_2": 3.000000,
		"ratio_3": 2.000000,
		"attack_0": 0.000000,
		"attack_1": 0.000000,
		"attack_2": 0.000000,
		"attack_3": 0.100000,
		"hold_0": 0.000000,
		"hold_1": 0.000000,
		"hold_2": 0.000000,
		"hold_3": 0.500000,
		"decays_0": 2.000000,
		"decays_1": 1.000000,
		"decays_2": 1.000000,
		"decays_3": 1.000000,
		"sustain_0": 0.000000,
		"sustain_1": 0.030000,
		"sustain_2": 0.000000,
		"sustain_3": 0.430000,
		"weights": [ 0.000000, 0.000000, 0.000000, 0.000000, 0.600000, 0.180000, 0.000000, 0.000000, 0.000000, 0.120000, 0.000000, 0.000000, 0.000000, 0.000000, 0.000000, 0.000000 ],
		"outs": [ 1.000000, 0.000000, 0.000000, 0.000000 ]
	},
	"KeyboardComponent": {
		"id": 4,
		"pos_x": 60.000000,
		"pos_y": 60.000000,
		"size_x": 113.000000,
		"size_y": 64.000000
	},
	"Connection": {
		"component_out": 3,
		"component_in": 0,
		"offset_out": 0,
		"offset_in": 0,
		"weight": 1.000000
	},
	"Connection": {
		"component_out": 4,
		"component_in": 3,
		"offset_out": 0,
		"offset_in": 0,
		"weight": 1.000000
	}
}