{
	"Settings": {
		"tempo": 128,
		"master_volume": 1.000000
	},
	"SpeakerComponent": {
		"id": 0,
		"pos_x": 1183.000000,
		"pos_y": 338.000000,
		"size_x": 112.000000,
		"size_y": 111.000000
	},
	"SamplerComponent": {
		"id": 1,
		"pos_x": 613.000000,
		"pos_y": 29.000000,
		"size_x": 284.000000,
		"size_y": 198.000000,
		"base_note": 36,
		"attack": 0.100000,
		"hold": 0.500000,
		"decay": 1.000000,
		"sustain": 0.500000,
		"release": 0.000000,
		"filename": "samples/kick.wav"
	},
	"SequencerComponent": {
		"id": 2,
		"pos_x": 60.000000,
		"pos_y": 60.000000,
		"size_x": 392.000000,
		"size_y": 116.000000,
		"pattern": [ 1.000000, 0.000000, 0.000000, 0.000000, 1.000000, 0.000000, 0.000000, 0.000000, 1.000000, 0.000000, 0.000000, 0.000000, 1.000000, 0.000000, 0.000000, 0.000000 ]
	},
	"SequencerComponent": {
		"id": 3,
		"pos_x": 58.000000,
		"pos_y": 196.000000,
		"size_x": 392.000000,
		"size_y": 116.000000,
		"pattern": [ 0.000000, 0.000000, 0.000000, 0.000000, 1.000000, 0.000000, 0.000000, 0.000000, 0.000000, 0.440000, 0.000000, 0.000000, 1.000000, 0.000000, 0.000000, 0.000000 ]
	},
	"SamplerComponent": {
		"id": 4,
		"pos_x": 609.000000,
		"pos_y": 228.000000,
		"size_x": 290.000000,
		"size_y": 196.000000,
		"base_note": 39,
		"attack": 0.100000,
		"hold": 0.500000,
		"decay": 1.000000,
		"sustain": 0.500000,
		"release": 0.000000,
		"filename": "samples/909_clap.wav"
	},
	"SequencerComponent": {
		"id": 5,
		"pos_x": 59.000000,
		"pos_y": 335.000000,
		"size_x": 392.000000,
		"size_y": 116.000000,
		"pattern": [ 0.000000, 0.000000, 0.800000, 0.000000, 0.000000, 0.000000, 0.780000, 0.000000, 0.000000, 0.000000, 0.740000, 0.000000, 0.000000, 0.000000, 0.700000, 0.000000 ]
	},
	"SamplerComponent": {
		"id": 6,
		"pos_x": 608.000000,
		"pos_y": 428.000000,
		"size_x": 286.000000,
		"size_y": 201.000000,
		"base_note": 20,
		"attack": 0.100000,
		"hold": 0.500000,
		"decay": 1.000000,
		"sustain": 0.500000,
		"release": 0.000000,
		"filename": "samples/909_hat.wav"
	},
	"OscillatorComponent": {
		"id": 7,
		"pos_x": 191.000000,
		"pos_y": 479.000000,
		"size_x": 288.000000,
		"size_y": 197.000000,
		"invert": 0,
		"phase": 0.000000,
		"transpose": 12,
		"detune": 0.000000,
		"portamento": 0.502000,
		"attack": 0.100000,
		"hold": 0.500000,
		"decay": 1.000000,
		"sustain": 0.581000,
		"release": 5.209000,
		"waveform": 2
	},
	"OscillatorComponent": {
		"id": 8,
		"pos_x": 195.000000,
		"pos_y": 685.000000,
		"size_x": 288.000000,
		"size_y": 192.000000,
		"invert": 0,
		"phase": 0.419000,
		"transpose": 12,
		"detune": 4.651000,
		"portamento": 0.502000,
		"attack": 1.116000,
		"hold": 0.500000,
		"decay": 1.000000,
		"sustain": 0.419000,
		"release": 2.047000,
		"waveform": 2
	},
	"FilterComponent": {
		"id": 9,
		"pos_x": 679.000000,
		"pos_y": 668.000000,
		"size_x": 148.000000,
		"size_y": 144.000000,
		"cutoff": 3709.562988,
		"resonance": 0.500000,
		"filter_type": 0
	},
	"DelayComponent": {
		"id": 10,
		"pos_x": 989.000000,
		"pos_y": 608.000000,
		"size_x": 125.000000,
		"size_y": 119.000000,
		"steps": 3,
		"feedback": 0.429000
	},
	"KeyboardComponent": {
		"id": 11,
		"pos_x": 20.000000,
		"pos_y": 730.000000,
		"size_x": 100.000000,
		"size_y": 100.000000
	},
	"DecibelComponent": {
		"id": 12,
		"pos_x": 1419.000000,
		"pos_y": 32.000000,
		"size_x": 123.000000,
		"size_y": 234.000000
	},
	"Connection": {
		"component_out": 1,
		"component_in": 0,
		"offset_out": 0,
		"offset_in": 0,
		"weight": 0.900000
	},
	"Connection": {
		"component_out": 4,
		"component_in": 0,
		"offset_out": 0,
		"offset_in": 0,
		"weight": 0.900000
	},
	"Connection": {
		"component_out": 6,
		"component_in": 0,
		"offset_out": 0,
		"offset_in": 0,
		"weight": 0.900000
	},
	"Connection": {
		"component_out": 10,
		"component_in": 0,
		"offset_out": 0,
		"offset_in": 0,
		"weight": 0.390000
	},
	"Connection": {
		"component_out": 2,
		"component_in": 1,
		"offset_out": 0,
		"offset_in": 0,
		"weight": 1.000000
	},
	"Connection": {
		"component_out": 3,
		"component_in": 4,
		"offset_out": 0,
		"offset_in": 0,
		"weight": 1.000000
	},
	"Connection": {
		"component_out": 5,
		"component_in": 6,
		"offset_out": 0,
		"offset_in": 0,
		"weight": 1.000000
	},
	"Connection": {
		"component_out": 11,
		"component_in": 7,
		"offset_out": 0,
		"offset_in": 0,
		"weight": 1.000000
	},
	"Connection": {
		"component_out": 11,
		"component_in": 8,
		"offset_out": 0,
		"offset_in": 0,
		"weight": 1.000000
	},
	"Connection": {
		"component_out": 7,
		"component_in": 9,
		"offset_out": 0,
		"offset_in": 0,
		"weight": 1.000000
	},
	"Connection": {
		"component_out": 8,
		"component_in": 9,
		"offset_out": 0,
		"offset_in": 0,
		"weight": 0.700000
	},
	"Connection": {
		"component_out": 9,
		"component_in": 10,
		"offset_out": 0,
		"offset_in": 0,
		"weight": 1.000000
	},
	"Connection": {
		"component_out": 0,
		"component_in": 12,
		"offset_out": 0,
		"offset_in": 0,
		"weight": 1.000000
	}
}