{
	"Settings": {
		"tempo": 128,
		"master_volume": 1.000000
	},
	"SpeakerComponent": {
		"id": 0,
		"pos_x": 1274.000000,
		"pos_y": 127.000000
	},
	"SamplerComponent": {
		"id": 1,
		"pos_x": 617.000000,
		"pos_y": 77.000000,
		"filename": "samples/kick.wav"
	},
	"SequencerComponent": {
		"id": 2,
		"pos_x": 60.000000,
		"pos_y": 60.000000,
		"pattern": [ 1.000000, 0.000000, 0.000000, 0.000000, 1.000000, 0.000000, 0.000000, 0.000000, 1.000000, 0.000000, 0.000000, 0.000000, 1.000000, 0.000000, 0.000000, 0.000000 ]
	},
	"SequencerComponent": {
		"id": 3,
		"pos_x": 58.000000,
		"pos_y": 196.000000,
		"pattern": [ 0.000000, 0.000000, 0.000000, 0.000000, 1.000000, 0.000000, 0.000000, 0.000000, 0.000000, 0.440000, 0.000000, 0.000000, 1.000000, 0.000000, 0.000000, 0.000000 ]
	},
	"SamplerComponent": {
		"id": 4,
		"pos_x": 615.000000,
		"pos_y": 219.000000,
		"filename": "samples/909_clap.wav"
	},
	"SequencerComponent": {
		"id": 5,
		"pos_x": 59.000000,
		"pos_y": 335.000000,
		"pattern": [ 0.000000, 0.000000, 0.800000, 0.000000, 0.000000, 0.000000, 0.780000, 0.000000, 0.000000, 0.000000, 0.740000, 0.000000, 0.000000, 0.000000, 0.700000, 0.000000 ]
	},
	"SamplerComponent": {
		"id": 6,
		"pos_x": 594.000000,
		"pos_y": 354.000000,
		"filename": "samples/909_hat.wav"
	},
	"OscillatorComponent": {
		"id": 7,
		"pos_x": 233.000000,
		"pos_y": 497.000000,
		"waveform": 2,
		"invert": 0,
		"phase": 0.000000,
		"transpose": 12,
		"detune": 0.000000,
		"portamento": 0.502000,
		"attack": 0.100000,
		"hold": 0.500000,
		"decay": 1.000000,
		"sustain": 0.581000,
		"release": 5.209000
	},
	"OscillatorComponent": {
		"id": 8,
		"pos_x": 414.000000,
		"pos_y": 500.000000,
		"waveform": 2,
		"invert": 0,
		"phase": 0.419000,
		"transpose": 12,
		"detune": 4.651000,
		"portamento": 0.502000,
		"attack": 1.116000,
		"hold": 0.500000,
		"decay": 1.000000,
		"sustain": 0.419000,
		"release": 2.047000
	},
	"FilterComponent": {
		"id": 9,
		"pos_x": 667.000000,
		"pos_y": 560.000000,
		"filter_type": 0,
		"cutoff": 3709.562988,
		"resonance": 0.500000
	},
	"DelayComponent": {
		"id": 10,
		"pos_x": 850.000000,
		"pos_y": 564.000000,
		"steps": 3,
		"feedback": 0.429000
	},
	"Connection": {
		"component_out": 1,
		"component_in": 0,
		"offset_out": 0,
		"offset_in": 0,
		"weight": 1.000000
	},
	"Connection": {
		"component_out": 2,
		"component_in": 1,
		"offset_out": 0,
		"offset_in": 0,
		"weight": 1.000000
	},
	"Connection": {
		"component_out": 3,
		"component_in": 4,
		"offset_out": 0,
		"offset_in": 0,
		"weight": 1.000000
	},
	"Connection": {
		"component_out": 4,
		"component_in": 0,
		"offset_out": 0,
		"offset_in": 0,
		"weight": 1.000000
	},
	"Connection": {
		"component_out": 5,
		"component_in": 6,
		"offset_out": 0,
		"offset_in": 0,
		"weight": 1.000000
	},
	"Connection": {
		"component_out": 6,
		"component_in": 0,
		"offset_out": 0,
		"offset_in": 0,
		"weight": 1.000000
	},
	"Connection": {
		"component_out": 7,
		"component_in": 9,
		"offset_out": 0,
		"offset_in": 0,
		"weight": 1.000000
	},
	"Connection": {
		"component_out": 8,
		"component_in": 9,
		"offset_out": 0,
		"offset_in": 0,
		"weight": 0.700000
	},
	"Connection": {
		"component_out": 9,
		"component_in": 10,
		"offset_out": 0,
		"offset_in": 0,
		"weight": 1.000000
	},
	"Connection": {
		"component_out": 10,
		"component_in": 0,
		"offset_out": 0,
		"offset_in": 0,
		"weight": 1.000000
	}
}