{
	"Settings": {
		"tempo": 130,
		"master_volume": 0.800000
	},
	"SpeakerComponent": {
		"id": 0,
		"pos_x": 1372.000000,
		"pos_y": 348.000000,
		"size_x": 118.000000,
		"size_y": 128.000000
	},
	"ImproviserComponent": {
		"id": 3,
		"pos_x": 60.000000,
		"pos_y": 60.000000,
		"size_x": 156.000000,
		"size_y": 124.000000,
		"tonality": 9,
		"num_notes": 3,
		"mode": 1
	},
	"SamplerComponent": {
		"id": 4,
		"pos_x": 554.000000,
		"pos_y": 154.000000,
		"size_x": 246.000000,
		"size_y": 144.000000,
		"base_note": 48,
		"filename": "samples/piano.wav"
	},
	"OscillatorComponent": {
		"id": 5,
		"pos_x": 416.000000,
		"pos_y": 520.000000,
		"size_x": 290.000000,
		"size_y": 193.000000,
		"invert": 0,
		"phase": 0.000000,
		"transpose": 0,
		"detune": 0.000000,
		"portamento": 0.100000,
		"attack": 0.010000,
		"hold": 0.100000,
		"decay": 0.360000,
		"sustain": 0.314000,
		"release": 1.116000,
		"waveform": 2
	},
	"ArpComponent": {
		"id": 6,
		"pos_x": 264.000000,
		"pos_y": 271.000000,
		"size_x": 135.000000,
		"size_y": 199.000000,
		"steps": 1.000000
	},
	"EqualizerComponent": {
		"id": 7,
		"pos_x": 742.000000,
		"pos_y": 472.000000,
		"size_x": 595.000000,
		"size_y": 370.000000,
		"NUM_BANDS": 4,
		"Band_0": {
			"mode": 5,
			"freq": 198.807419,
			"Q": 1.000000,
			"gain": -18.000000
		},
		"Band_1": {
			"mode": 3,
			"freq": 365.904419,
			"Q": 1.000000,
			"gain": 3.230769
		},
		"Band_2": {
			"mode": 3,
			"freq": 1681.532715,
			"Q": 0.600000,
			"gain": 1.200000
		},
		"Band_3": {
			"mode": 3,
			"freq": 9081.819336,
			"Q": 0.800000,
			"gain": -3.969231
		}
	},
	"Connection": {
		"component_out": 4,
		"component_in": 0,
		"offset_out": 0,
		"offset_in": 0,
		"weight": 1.000000
	},
	"Connection": {
		"component_out": 7,
		"component_in": 0,
		"offset_out": 0,
		"offset_in": 0,
		"weight": 0.350000
	},
	"Connection": {
		"component_out": 3,
		"component_in": 4,
		"offset_out": 0,
		"offset_in": 0,
		"weight": 1.000000
	},
	"Connection": {
		"component_out": 6,
		"component_in": 5,
		"offset_out": 0,
		"offset_in": 0,
		"weight": 1.000000
	},
	"Connection": {
		"component_out": 3,
		"component_in": 6,
		"offset_out": 0,
		"offset_in": 0,
		"weight": 1.000000
	},
	"Connection": {
		"component_out": 5,
		"component_in": 7,
		"offset_out": 0,
		"offset_in": 0,
		"weight": 1.000000
	}
}