{
	"Settings": {
		"tempo": 174,
		"master_volume": 1.000000
	},
	"SpeakerComponent": {
		"id": 0,
		"pos_x": 1372.000000,
		"pos_y": 348.000000,
		"size_x": 101.000000,
		"size_y": 113.000000
	},
	"MIDIPlayerComponent": {
		"id": 2,
		"pos_x": 157.000000,
		"pos_y": 74.000000,
		"size_x": 393.000000,
		"size_y": 122.000000,
		"filename": "C:\Dev\Git\Synth\midi\mozart.mid"
	},
	"OscillatorComponent": {
		"id": 3,
		"pos_x": 621.000000,
		"pos_y": 190.000000,
		"size_x": 288.000000,
		"size_y": 192.000000,
		"invert": 0,
		"phase": 0.000000,
		"transpose": 0,
		"detune": 0.000000,
		"portamento": 0.000000,
		"attack": 0.000000,
		"hold": 0.500000,
		"decay": 1.000000,
		"sustain": 0.500000,
		"release": 0.480000,
		"waveform": 4
	},
	"Connection": {
		"component_out": 3,
		"component_in": 0,
		"offset_out": 0,
		"offset_in": 0,
		"weight": 0.880000
	},
	"Connection": {
		"component_out": 2,
		"component_in": 3,
		"offset_out": 0,
		"offset_in": 0,
		"weight": 1.000000
	}
}