{
	"Settings": {
		"tempo": 130,
		"master_volume": 1.000000
	},
	"KeyboardComponent": {
		"id": 3,
		"pos_x": 60.000000,
		"pos_y": 60.000000,
		"size_x": 64.000000,
		"size_y": 64.000000
	},
	"OscillatorComponent": {
		"id": 2,
		"pos_x": 266.000000,
		"pos_y": 106.000000,
		"size_x": 349.000000,
		"size_y": 215.000000,
		"invert": 0,
		"phase": 0.000000,
		"transpose": 0,
		"detune": 0.000000,
		"portamento": 0.000000,
		"attack": 0.100000,
		"hold": 0.500000,
		"decay": 1.000000,
		"sustain": 0.500000,
		"release": 0.000000,
		"attack": 0.100000,
		"hold": 0.500000,
		"decay": 1.000000,
		"sustain": 0.500000,
		"amount": 0.000000,
		"resonance": 0.500000,
		"waveform": 2
	},
	"SpeakerComponent": {
		"id": 0,
		"pos_x": 1372.000000,
		"pos_y": 348.000000,
		"size_x": 101.000000,
		"size_y": 113.000000
	},
	"Connection": {
		"component_out": 3,
		"component_in": 2,
		"offset_out": 0,
		"offset_in": 0,
		"weight": 1.000000
	},
	"Connection": {
		"component_out": 2,
		"component_in": 0,
		"offset_out": 0,
		"offset_in": 0,
		"weight": 1.000000
	}
}