{
	"Settings": {
		"tempo": 130,
		"master_volume": 1.000000
	},
	"SpeakerComponent": {
		"id": 0,
		"pos_x": 1372.000000,
		"pos_y": 348.000000,
		"size_x": 100.000000,
		"size_y": 111.000000
	},
	"PianoRollComponent": {
		"id": 1,
		"pos_x": 60.000000,
		"pos_y": 60.000000,
		"size_x": 348.000000,
		"size_y": 122.000000,
		"filename": "midi/melody_2.mid"
	},
	"OscillatorComponent": {
		"id": 4,
		"pos_x": 359.000000,
		"pos_y": 50.000000,
		"size_x": 155.000000,
		"size_y": 341.000000,
		"invert": 0,
		"phase": 0.000000,
		"transpose": -24,
		"detune": 0.000000,
		"portamento": 2.250001,
		"attack": 0.100000,
		"hold": 0.500000,
		"decay": 1.000000,
		"sustain": 0.314000,
		"release": 3.163000,
		"waveform": 2
	},
	"SequencerComponent": {
		"id": 6,
		"pos_x": 586.000000,
		"pos_y": 98.000000,
		"size_x": 392.000000,
		"size_y": 116.000000,
		"pattern": [ 1.000000, 0.000000, 0.000000, 0.000000, 1.000000, 0.000000, 0.000000, 0.000000, 1.000000, 0.000000, 0.000000, 0.000000, 1.000000, 0.000000, 0.000000, 0.000000 ]
	},
	"SamplerComponent": {
		"id": 7,
		"pos_x": 1034.000000,
		"pos_y": 109.000000,
		"size_x": 157.000000,
		"size_y": 111.000000,
		"base_note": 36,
		"filename": "samples/kick.wav"
	},
	"DistortionComponent": {
		"id": 5,
		"pos_x": 1052.000000,
		"pos_y": 291.000000,
		"size_x": 127.000000,
		"size_y": 100.000000,
		"amount": 0.782000
	},
	"Connection": {
		"component_out": 4,
		"component_in": 0,
		"offset_out": 0,
		"offset_in": 0,
		"weight": 0.500000
	},
	"Connection": {
		"component_out": 5,
		"component_in": 0,
		"offset_out": 0,
		"offset_in": 0,
		"weight": 0.600000
	},
	"Connection": {
		"component_out": 1,
		"component_in": 4,
		"offset_out": 0,
		"offset_in": 0,
		"weight": 1.000000
	},
	"Connection": {
		"component_out": 6,
		"component_in": 7,
		"offset_out": 0,
		"offset_in": 0,
		"weight": 1.000000
	},
	"Connection": {
		"component_out": 7,
		"component_in": 5,
		"offset_out": 0,
		"offset_in": 0,
		"weight": 1.000000
	}
}