{
	"Settings": {
		"tempo": 130,
		"master_volume": 1.000000
	},
	"SpeakerComponent": {
		"id": 0,
		"pos_x": 1451.000000,
		"pos_y": 367.000000,
		"size_x": 100.000000,
		"size_y": 111.000000
	},
	"MIDIPlayerComponent": {
		"id": 1,
		"pos_x": 59.000000,
		"pos_y": 53.000000,
		"size_x": 348.000000,
		"size_y": 122.000000,
		"filename": "midi/melody_2.mid"
	},
	"OscillatorComponent": {
		"id": 4,
		"pos_x": 529.000000,
		"pos_y": 43.000000,
		"size_x": 288.000000,
		"size_y": 195.000000,
		"invert": 0,
		"phase": 0.000000,
		"transpose": -24,
		"detune": 0.000000,
		"portamento": 2.250001,
		"attack": 0.100000,
		"hold": 0.500000,
		"decay": 1.000000,
		"sustain": 0.314000,
		"release": 2.043000,
		"waveform": 2
	},
	"SequencerComponent": {
		"id": 6,
		"pos_x": 31.000000,
		"pos_y": 293.000000,
		"size_x": 397.000000,
		"size_y": 122.000000,
		"pattern": [ 1.000000, 0.000000, 0.000000, 0.000000, 1.000000, 0.000000, 0.000000, 0.000000, 1.000000, 0.000000, 0.000000, 0.000000, 1.000000, 0.000000, 0.000000, 0.000000 ]
	},
	"SamplerComponent": {
		"id": 7,
		"pos_x": 534.000000,
		"pos_y": 312.000000,
		"size_x": 310.000000,
		"size_y": 161.000000,
		"base_note": 36,
		"filename": "samples/kick.wav"
	},
	"DistortionComponent": {
		"id": 5,
		"pos_x": 932.000000,
		"pos_y": 399.000000,
		"size_x": 127.000000,
		"size_y": 121.000000,
		"amount": 0.812000
	},
	"FlangerComponent": {
		"id": 8,
		"pos_x": 926.000000,
		"pos_y": 61.000000,
		"size_x": 176.000000,
		"size_y": 169.000000,
		"delay": 0.500000,
		"depth": 1.199930,
		"rate": 4.100000,
		"phase": 0.090000,
		"feedback": 0.250000,
		"drywet": 0.350000
	},
	"CompressorComponent": {
		"id": 9,
		"pos_x": 1175.000000,
		"pos_y": 181.000000,
		"size_x": 176.000000,
		"size_y": 186.000000,
		"threshold": -9.000000,
		"ratio": 5.639999,
		"gain": 0.000000,
		"Attack": 15.000000,
		"Release": 200.000000
	},
	"Connection": {
		"component_out": 5,
		"component_in": 0,
		"offset_out": 0,
		"offset_in": 0,
		"weight": 0.670000
	},
	"Connection": {
		"component_out": 9,
		"component_in": 0,
		"offset_out": 0,
		"offset_in": 0,
		"weight": 1.000000
	},
	"Connection": {
		"component_out": 1,
		"component_in": 4,
		"offset_out": 0,
		"offset_in": 0,
		"weight": 1.000000
	},
	"Connection": {
		"component_out": 6,
		"component_in": 7,
		"offset_out": 0,
		"offset_in": 0,
		"weight": 1.000000
	},
	"Connection": {
		"component_out": 7,
		"component_in": 5,
		"offset_out": 0,
		"offset_in": 0,
		"weight": 1.000000
	},
	"Connection": {
		"component_out": 4,
		"component_in": 8,
		"offset_out": 0,
		"offset_in": 0,
		"weight": 1.000000
	},
	"Connection": {
		"component_out": 8,
		"component_in": 9,
		"offset_out": 0,
		"offset_in": 0,
		"weight": 0.790000
	},
	"Connection": {
		"component_out": 5,
		"component_in": 9,
		"offset_out": 0,
		"offset_in": 1,
		"weight": 0.830000
	}
}