{
	"Settings": {
		"tempo": 138,
		"master_volume": 1.000000
	},
	"MIDIPlayerComponent": {
		"id": 1,
		"pos_x": 60.000000,
		"pos_y": 60.000000,
		"size_x": 505.000000,
		"size_y": 122.000000,
		"filename": "C:\Dev\Git\Synth\midi\ocean.mid"
	},
	"OscillatorComponent": {
		"id": 2,
		"pos_x": 412.000000,
		"pos_y": 195.000000,
		"size_x": 344.000000,
		"size_y": 192.000000,
		"waveform": 2,
		"invert": 0,
		"phase": 0.000000,
		"transpose": -12,
		"detune": 0.000000,
		"portamento": 0.000000,
		"attack": 0.100000,
		"hold": 0.500000,
		"decay": 1.000000,
		"sustain": 0.500000,
		"release": 0.000000,
		"flt_attack": 0.000000,
		"flt_hold": 0.000000,
		"flt_decay": 1.000000,
		"flt_release": 0.350000,
		"amount": 0.710000,
		"resonance": 0.260000
	},
	"FlangerComponent": {
		"id": 3,
		"pos_x": 772.000000,
		"pos_y": 84.000000,
		"size_x": 176.000000,
		"size_y": 169.000000,
		"delay": 0.500000,
		"depth": 2.899760,
		"rate": 0.300000,
		"phase": 0.020000,
		"feedback": 0.480000,
		"drywet": 0.740000
	},
	"SequencerComponent": {
		"id": 4,
		"pos_x": 86.000000,
		"pos_y": 410.000000,
		"size_x": 392.000000,
		"size_y": 116.000000,
		"pattern": [ 1.000000, 0.000000, 0.000000, 0.000000, 1.000000, 0.000000, 0.000000, 0.000000, 1.000000, 0.000000, 0.000000, 0.000000, 1.000000, 0.000000, 0.000000, 0.000000 ]
	},
	"DistortionComponent": {
		"id": 7,
		"pos_x": 1132.000000,
		"pos_y": 126.000000,
		"size_x": 64.000000,
		"size_y": 117.000000,
		"amount": 0.100000
	},
	"DelayComponent": {
		"id": 6,
		"pos_x": 989.000000,
		"pos_y": 345.000000,
		"size_x": 120.000000,
		"size_y": 117.000000,
		"steps": 4,
		"feedback": 0.700000
	},
	"SamplerComponent": {
		"id": 5,
		"pos_x": 631.000000,
		"pos_y": 461.000000,
		"size_x": 288.000000,
		"size_y": 192.000000,
		"base_note": 36,
		"attack": 0.000000,
		"hold": 0.500000,
		"decay": 1.000000,
		"sustain": 1.000000,
		"release": 0.000000,
		"filename": "samples/kick.wav"
	},
	"SpeakerComponent": {
		"id": 0,
		"pos_x": 1372.000000,
		"pos_y": 348.000000,
		"size_x": 101.000000,
		"size_y": 113.000000
	},
	"Connection": {
		"component_out": 1,
		"component_in": 2,
		"offset_out": 0,
		"offset_in": 0,
		"weight": 1.000000
	},
	"Connection": {
		"component_out": 2,
		"component_in": 3,
		"offset_out": 0,
		"offset_in": 0,
		"weight": 1.000000
	},
	"Connection": {
		"component_out": 3,
		"component_in": 7,
		"offset_out": 0,
		"offset_in": 0,
		"weight": 1.000000
	},
	"Connection": {
		"component_out": 3,
		"component_in": 6,
		"offset_out": 0,
		"offset_in": 0,
		"weight": 1.000000
	},
	"Connection": {
		"component_out": 4,
		"component_in": 5,
		"offset_out": 0,
		"offset_in": 0,
		"weight": 1.000000
	},
	"Connection": {
		"component_out": 5,
		"component_in": 0,
		"offset_out": 0,
		"offset_in": 0,
		"weight": 1.000000
	},
	"Connection": {
		"component_out": 6,
		"component_in": 0,
		"offset_out": 0,
		"offset_in": 0,
		"weight": 0.340000
	},
	"Connection": {
		"component_out": 7,
		"component_in": 0,
		"offset_out": 0,
		"offset_in": 0,
		"weight": 0.710000
	}
}