{
	"Settings": {
		"tempo": 128,
		"master_volume": 0.800000
	},
	"SpeakerComponent": {
		"id": 0,
		"pos_x": 1472.000000,
		"pos_y": 314.000000,
		"size_x": 100.000000,
		"size_y": 116.000000
	},
	"MIDIPlayerComponent": {
		"id": 1,
		"pos_x": 13.000000,
		"pos_y": 39.000000,
		"size_x": 279.000000,
		"size_y": 136.000000,
		"filename": "midi/pjanoo_synth.mid"
	},
	"OscillatorComponent": {
		"id": 2,
		"pos_x": 334.000000,
		"pos_y": 43.000000,
		"size_x": 294.000000,
		"size_y": 193.000000,
		"invert": 0,
		"phase": 0.000000,
		"transpose": 0,
		"detune": 0.000000,
		"portamento": 0.300000,
		"attack": 0.100000,
		"hold": 0.500000,
		"decay": 1.000000,
		"sustain": 0.407000,
		"release": 4.279000,
		"waveform": 2
	},
	"OscillatorComponent": {
		"id": 3,
		"pos_x": 321.000000,
		"pos_y": 645.000000,
		"size_x": 291.000000,
		"size_y": 193.000000,
		"invert": 0,
		"phase": 0.000000,
		"transpose": -24,
		"detune": 0.000000,
		"portamento": 1.000000,
		"attack": 0.100000,
		"hold": 0.500000,
		"decay": 1.000000,
		"sustain": 0.500000,
		"release": 0.000000,
		"waveform": 4
	},
	"MIDIPlayerComponent": {
		"id": 4,
		"pos_x": 17.000000,
		"pos_y": 471.000000,
		"size_x": 262.000000,
		"size_y": 128.000000,
		"filename": "midi/pjanoo_bass.mid"
	},
	"OscillatorComponent": {
		"id": 5,
		"pos_x": 336.000000,
		"pos_y": 246.000000,
		"size_x": 297.000000,
		"size_y": 195.000000,
		"invert": 0,
		"phase": 0.686000,
		"transpose": 0,
		"detune": 16.278999,
		"portamento": 0.300000,
		"attack": 0.558000,
		"hold": 0.500000,
		"decay": 1.000000,
		"sustain": 0.512000,
		"release": 4.279000,
		"waveform": 2
	},
	"SequencerComponent": {
		"id": 6,
		"pos_x": 648.000000,
		"pos_y": 40.000000,
		"size_x": 392.000000,
		"size_y": 116.000000,
		"pattern": [ 1.000000, 0.000000, 0.000000, 0.000000, 1.000000, 0.000000, 0.000000, 0.000000, 1.000000, 0.000000, 0.000000, 0.000000, 1.000000, 0.000000, 0.000000, 0.000000 ]
	},
	"SamplerComponent": {
		"id": 8,
		"pos_x": 1086.000000,
		"pos_y": 44.000000,
		"size_x": 257.000000,
		"size_y": 143.000000,
		"base_note": 36,
		"filename": "samples/kick.wav"
	},
	"SamplerComponent": {
		"id": 9,
		"pos_x": 1083.000000,
		"pos_y": 195.000000,
		"size_x": 261.000000,
		"size_y": 143.000000,
		"base_note": 36,
		"filename": "samples/909_clap.wav"
	},
	"FilterComponent": {
		"id": 11,
		"pos_x": 806.000000,
		"pos_y": 747.000000,
		"size_x": 121.000000,
		"size_y": 141.000000,
		"cutoff": 322.364014,
		"resonance": 0.585000,
		"filter_type": 0
	},
	"DistortionComponent": {
		"id": 12,
		"pos_x": 984.000000,
		"pos_y": 673.000000,
		"size_x": 65.000000,
		"size_y": 121.000000,
		"amount": 0.294000
	},
	"FilterComponent": {
		"id": 13,
		"pos_x": 707.000000,
		"pos_y": 323.000000,
		"size_x": 126.000000,
		"size_y": 144.000000,
		"cutoff": 20000.000000,
		"resonance": 0.524000,
		"filter_type": 0
	},
	"CompressorComponent": {
		"id": 14,
		"pos_x": 878.000000,
		"pos_y": 325.000000,
		"size_x": 177.000000,
		"size_y": 187.000000,
		"threshold": -17.561001,
		"ratio": 4.129000,
		"gain": -10.244000,
		"Attack": 15.000000,
		"Release": 200.000000
	},
	"SamplerComponent": {
		"id": 15,
		"pos_x": 332.000000,
		"pos_y": 492.000000,
		"size_x": 258.000000,
		"size_y": 142.000000,
		"base_note": 48,
		"filename": "samples/piano.wav"
	},
	"MIDIPlayerComponent": {
		"id": 16,
		"pos_x": 691.000000,
		"pos_y": 183.000000,
		"size_x": 242.000000,
		"size_y": 122.000000,
		"filename": "midi/pattern_clap.mid"
	},
	"CompressorComponent": {
		"id": 17,
		"pos_x": 1137.000000,
		"pos_y": 454.000000,
		"size_x": 176.000000,
		"size_y": 186.000000,
		"threshold": 0.000000,
		"ratio": 1.000000,
		"gain": 0.000000,
		"Attack": 15.000000,
		"Release": 200.000000
	},
	"Connection": {
		"component_out": 8,
		"component_in": 0,
		"offset_out": 0,
		"offset_in": 0,
		"weight": 0.900000
	},
	"Connection": {
		"component_out": 9,
		"component_in": 0,
		"offset_out": 0,
		"offset_in": 0,
		"weight": 0.800000
	},
	"Connection": {
		"component_out": 17,
		"component_in": 0,
		"offset_out": 0,
		"offset_in": 0,
		"weight": 1.000000
	},
	"Connection": {
		"component_out": 1,
		"component_in": 2,
		"offset_out": 0,
		"offset_in": 0,
		"weight": 1.000000
	},
	"Connection": {
		"component_out": 4,
		"component_in": 3,
		"offset_out": 0,
		"offset_in": 0,
		"weight": 1.000000
	},
	"Connection": {
		"component_out": 1,
		"component_in": 5,
		"offset_out": 0,
		"offset_in": 0,
		"weight": 1.000000
	},
	"Connection": {
		"component_out": 6,
		"component_in": 8,
		"offset_out": 0,
		"offset_in": 0,
		"weight": 1.000000
	},
	"Connection": {
		"component_out": 16,
		"component_in": 9,
		"offset_out": 0,
		"offset_in": 0,
		"weight": 1.000000
	},
	"Connection": {
		"component_out": 3,
		"component_in": 11,
		"offset_out": 0,
		"offset_in": 0,
		"weight": 1.000000
	},
	"Connection": {
		"component_out": 11,
		"component_in": 12,
		"offset_out": 0,
		"offset_in": 0,
		"weight": 1.000000
	},
	"Connection": {
		"component_out": 2,
		"component_in": 13,
		"offset_out": 0,
		"offset_in": 0,
		"weight": 1.000000
	},
	"Connection": {
		"component_out": 5,
		"component_in": 13,
		"offset_out": 0,
		"offset_in": 0,
		"weight": 0.800000
	},
	"Connection": {
		"component_out": 13,
		"component_in": 14,
		"offset_out": 0,
		"offset_in": 0,
		"weight": 1.000000
	},
	"Connection": {
		"component_out": 1,
		"component_in": 15,
		"offset_out": 0,
		"offset_in": 0,
		"weight": 1.000000
	},
	"Connection": {
		"component_out": 4,
		"component_in": 15,
		"offset_out": 0,
		"offset_in": 0,
		"weight": 1.000000
	},
	"Connection": {
		"component_out": 14,
		"component_in": 17,
		"offset_out": 0,
		"offset_in": 0,
		"weight": 0.910000
	},
	"Connection": {
		"component_out": 15,
		"component_in": 17,
		"offset_out": 0,
		"offset_in": 0,
		"weight": 0.820000
	},
	"Connection": {
		"component_out": 3,
		"component_in": 17,
		"offset_out": 0,
		"offset_in": 0,
		"weight": 0.440000
	},
	"Connection": {
		"component_out": 12,
		"component_in": 17,
		"offset_out": 0,
		"offset_in": 0,
		"weight": 0.110000
	}
}