{
	"Settings": {
		"tempo": 128,
		"master_volume": 0.800000
	},
	"SpeakerComponent": {
		"id": 0,
		"pos_x": 1473.000000,
		"pos_y": 716.000000,
		"size_x": 100.000000,
		"size_y": 100.000000
	},
	"MIDIPlayerComponent": {
		"id": 1,
		"pos_x": 32.000000,
		"pos_y": 59.000000,
		"size_x": 295.000000,
		"size_y": 136.000000,
		"filename": "midi/pjanoo_synth.mid"
	},
	"OscillatorComponent": {
		"id": 2,
		"pos_x": 295.000000,
		"pos_y": 39.000000,
		"size_x": 155.000000,
		"size_y": 341.000000,
		"invert": 0,
		"phase": 0.000000,
		"transpose": 0,
		"detune": 0.000000,
		"portamento": 0.300000,
		"attack": 0.100000,
		"hold": 0.500000,
		"decay": 1.000000,
		"sustain": 0.407000,
		"release": 4.279000,
		"waveform": 2
	},
	"OscillatorComponent": {
		"id": 3,
		"pos_x": 284.000000,
		"pos_y": 495.000000,
		"size_x": 155.000000,
		"size_y": 341.000000,
		"invert": 0,
		"phase": 0.000000,
		"transpose": -24,
		"detune": 0.000000,
		"portamento": 1.000000,
		"attack": 0.100000,
		"hold": 0.500000,
		"decay": 1.000000,
		"sustain": 0.500000,
		"release": 0.000000,
		"waveform": 4
	},
	"MIDIPlayerComponent": {
		"id": 4,
		"pos_x": 25.000000,
		"pos_y": 345.000000,
		"size_x": 262.000000,
		"size_y": 128.000000,
		"filename": "midi/pjanoo_bass.mid"
	},
	"OscillatorComponent": {
		"id": 5,
		"pos_x": 482.000000,
		"pos_y": 47.000000,
		"size_x": 155.000000,
		"size_y": 341.000000,
		"invert": 0,
		"phase": 0.686000,
		"transpose": 0,
		"detune": 16.278999,
		"portamento": 0.300000,
		"attack": 0.558000,
		"hold": 0.500000,
		"decay": 1.000000,
		"sustain": 0.512000,
		"release": 4.279000,
		"waveform": 2
	},
	"SequencerComponent": {
		"id": 6,
		"pos_x": 662.000000,
		"pos_y": 52.000000,
		"size_x": 392.000000,
		"size_y": 116.000000,
		"pattern": [ 1.000000, 0.000000, 0.000000, 0.000000, 1.000000, 0.000000, 0.000000, 0.000000, 1.000000, 0.000000, 0.000000, 0.000000, 1.000000, 0.000000, 0.000000, 0.000000 ]
	},
	"SamplerComponent": {
		"id": 8,
		"pos_x": 1165.000000,
		"pos_y": 51.000000,
		"size_x": 157.000000,
		"size_y": 111.000000,
		"base_note": 36,
		"filename": "samples/kick.wav"
	},
	"SamplerComponent": {
		"id": 9,
		"pos_x": 1131.000000,
		"pos_y": 292.000000,
		"size_x": 157.000000,
		"size_y": 111.000000,
		"base_note": 36,
		"filename": "samples/909_clap.wav"
	},
	"FilterComponent": {
		"id": 11,
		"pos_x": 542.000000,
		"pos_y": 585.000000,
		"size_x": 148.000000,
		"size_y": 134.000000,
		"cutoff": 322.364014,
		"resonance": 0.585000,
		"filter_type": 0
	},
	"DistortionComponent": {
		"id": 12,
		"pos_x": 832.000000,
		"pos_y": 643.000000,
		"size_x": 127.000000,
		"size_y": 100.000000,
		"amount": 0.294000
	},
	"FilterComponent": {
		"id": 13,
		"pos_x": 781.000000,
		"pos_y": 378.000000,
		"size_x": 148.000000,
		"size_y": 134.000000,
		"cutoff": 20000.000000,
		"resonance": 0.524000,
		"filter_type": 0
	},
	"CompressorComponent": {
		"id": 14,
		"pos_x": 1045.000000,
		"pos_y": 414.000000,
		"size_x": 148.000000,
		"size_y": 180.000000,
		"threshold": -17.561001,
		"ratio": 4.129000,
		"gain": -10.244000,
		"Attack": 15.000000,
		"Release": 200.000000
	},
	"SamplerComponent": {
		"id": 15,
		"pos_x": 511.000000,
		"pos_y": 439.000000,
		"size_x": 157.000000,
		"size_y": 111.000000,
		"base_note": 48,
		"filename": "samples/piano.wav"
	},
	"MIDIPlayerComponent": {
		"id": 16,
		"pos_x": 667.000000,
		"pos_y": 193.000000,
		"size_x": 242.000000,
		"size_y": 122.000000,
		"filename": "midi/pattern_clap.mid"
	},
	"Connection": {
		"component_out": 3,
		"component_in": 0,
		"offset_out": 0,
		"offset_in": 0,
		"weight": 0.400000
	},
	"Connection": {
		"component_out": 8,
		"component_in": 0,
		"offset_out": 0,
		"offset_in": 0,
		"weight": 0.900000
	},
	"Connection": {
		"component_out": 9,
		"component_in": 0,
		"offset_out": 0,
		"offset_in": 0,
		"weight": 0.800000
	},
	"Connection": {
		"component_out": 12,
		"component_in": 0,
		"offset_out": 0,
		"offset_in": 0,
		"weight": 0.100000
	},
	"Connection": {
		"component_out": 14,
		"component_in": 0,
		"offset_out": 0,
		"offset_in": 0,
		"weight": 0.900000
	},
	"Connection": {
		"component_out": 15,
		"component_in": 0,
		"offset_out": 0,
		"offset_in": 0,
		"weight": 0.800000
	},
	"Connection": {
		"component_out": 1,
		"component_in": 2,
		"offset_out": 0,
		"offset_in": 0,
		"weight": 1.000000
	},
	"Connection": {
		"component_out": 4,
		"component_in": 3,
		"offset_out": 0,
		"offset_in": 0,
		"weight": 1.000000
	},
	"Connection": {
		"component_out": 1,
		"component_in": 5,
		"offset_out": 0,
		"offset_in": 0,
		"weight": 1.000000
	},
	"Connection": {
		"component_out": 6,
		"component_in": 8,
		"offset_out": 0,
		"offset_in": 0,
		"weight": 1.000000
	},
	"Connection": {
		"component_out": 16,
		"component_in": 9,
		"offset_out": 0,
		"offset_in": 0,
		"weight": 1.000000
	},
	"Connection": {
		"component_out": 3,
		"component_in": 11,
		"offset_out": 0,
		"offset_in": 0,
		"weight": 1.000000
	},
	"Connection": {
		"component_out": 11,
		"component_in": 12,
		"offset_out": 0,
		"offset_in": 0,
		"weight": 1.000000
	},
	"Connection": {
		"component_out": 2,
		"component_in": 13,
		"offset_out": 0,
		"offset_in": 0,
		"weight": 1.000000
	},
	"Connection": {
		"component_out": 5,
		"component_in": 13,
		"offset_out": 0,
		"offset_in": 0,
		"weight": 0.800000
	},
	"Connection": {
		"component_out": 13,
		"component_in": 14,
		"offset_out": 0,
		"offset_in": 0,
		"weight": 1.000000
	},
	"Connection": {
		"component_out": 1,
		"component_in": 15,
		"offset_out": 0,
		"offset_in": 0,
		"weight": 1.000000
	},
	"Connection": {
		"component_out": 4,
		"component_in": 15,
		"offset_out": 0,
		"offset_in": 0,
		"weight": 1.000000
	}
}