{
	"Settings": {
		"tempo": 128,
		"master_volume": 0.800000
	},
	"MIDIPlayerComponent": {
		"id": 4,
		"pos_x": 13.000000,
		"pos_y": 671.000000,
		"size_x": 262.000000,
		"size_y": 128.000000,
		"filename": "midi/pjanoo_bass.mid"
	},
	"MIDIPlayerComponent": {
		"id": 1,
		"pos_x": 5.000000,
		"pos_y": 336.000000,
		"size_x": 279.000000,
		"size_y": 136.000000,
		"filename": "midi/pjanoo_synth.mid"
	},
	"SequencerComponent": {
		"id": 6,
		"pos_x": 648.000000,
		"pos_y": 40.000000,
		"size_x": 392.000000,
		"size_y": 116.000000,
		"pattern": [ 1.000000, 0.000000, 0.000000, 0.000000, 1.000000, 0.000000, 0.000000, 0.000000, 1.000000, 0.000000, 0.000000, 0.000000, 1.000000, 0.000000, 0.000000, 0.000000 ]
	},
	"MIDIPlayerComponent": {
		"id": 16,
		"pos_x": 691.000000,
		"pos_y": 183.000000,
		"size_x": 242.000000,
		"size_y": 122.000000,
		"filename": "midi/pattern_clap.mid"
	},
	"OscillatorComponent": {
		"id": 3,
		"pos_x": 374.000000,
		"pos_y": 691.000000,
		"size_x": 340.000000,
		"size_y": 193.000000,
		"waveform": 4,
		"invert": 0,
		"phase": 0.000000,
		"transpose": -24,
		"detune": 0.000000,
		"portamento": 1.000000,
		"attack": 0.100000,
		"hold": 0.500000,
		"decay": 1.000000,
		"sustain": 0.500000,
		"release": 0.000000,
		"flt_attack": 0.100000,
		"flt_hold": 0.500000,
		"flt_decay": 1.000000,
		"flt_release": 1.000000,
		"flt_min": 1.000000,
		"flt_multiply": 1.000000,
		"flt_resonance": 0.000000
	},
	"OscillatorComponent": {
		"id": 5,
		"pos_x": 313.000000,
		"pos_y": 253.000000,
		"size_x": 342.000000,
		"size_y": 195.000000,
		"waveform": 2,
		"invert": 0,
		"phase": 0.686000,
		"transpose": 0,
		"detune": 16.278999,
		"portamento": 0.140000,
		"attack": 0.558000,
		"hold": 0.500000,
		"decay": 1.000000,
		"sustain": 0.512000,
		"release": 4.279000,
		"flt_attack": 0.100000,
		"flt_hold": 0.500000,
		"flt_decay": 1.000000,
		"flt_release": 1.000000,
		"flt_min": 1.000000,
		"flt_multiply": 1.000000,
		"flt_resonance": 0.000000
	},
	"OscillatorComponent": {
		"id": 2,
		"pos_x": 291.000000,
		"pos_y": 43.000000,
		"size_x": 339.000000,
		"size_y": 193.000000,
		"waveform": 2,
		"invert": 0,
		"phase": 0.000000,
		"transpose": 0,
		"detune": 0.000000,
		"portamento": 0.140000,
		"attack": 0.100000,
		"hold": 0.500000,
		"decay": 1.000000,
		"sustain": 0.407000,
		"release": 4.279000,
		"flt_attack": 0.100000,
		"flt_hold": 0.500000,
		"flt_decay": 1.000000,
		"flt_release": 1.000000,
		"flt_min": 1.000000,
		"flt_multiply": 1.000000,
		"flt_resonance": 0.000000
	},
	"SamplerComponent": {
		"id": 8,
		"pos_x": 1081.000000,
		"pos_y": 33.000000,
		"size_x": 288.000000,
		"size_y": 195.000000,
		"base_note": 36,
		"attack": 0.000000,
		"hold": 3.000000,
		"decay": 1.000000,
		"sustain": 1.000000,
		"release": 0.000000,
		"filename": "samples/kick.wav"
	},
	"SamplerComponent": {
		"id": 9,
		"pos_x": 1062.000000,
		"pos_y": 236.000000,
		"size_x": 287.000000,
		"size_y": 193.000000,
		"base_note": 38,
		"attack": 0.000000,
		"hold": 3.000000,
		"decay": 1.000000,
		"sustain": 0.500000,
		"release": 0.000000,
		"filename": "samples/909_clap.wav"
	},
	"FilterComponent": {
		"id": 11,
		"pos_x": 935.000000,
		"pos_y": 791.000000,
		"size_x": 170.000000,
		"size_y": 141.000000,
		"filter_type": 0,
		"cutoff": 322.364014,
		"resonance": 0.585000
	},
	"FilterComponent": {
		"id": 13,
		"pos_x": 695.000000,
		"pos_y": 335.000000,
		"size_x": 174.000000,
		"size_y": 144.000000,
		"filter_type": 0,
		"cutoff": 295.821655,
		"resonance": 0.734000
	},
	"GainComponent": {
		"id": 18,
		"pos_x": 1431.000000,
		"pos_y": 160.000000,
		"size_x": 64.000000,
		"size_y": 117.000000,
		"gain": -1.199997
	},
	"DistortionComponent": {
		"id": 12,
		"pos_x": 1200.000000,
		"pos_y": 750.000000,
		"size_x": 65.000000,
		"size_y": 121.000000,
		"amount": 0.294000
	},
	"SamplerComponent": {
		"id": 15,
		"pos_x": 365.000000,
		"pos_y": 479.000000,
		"size_x": 288.000000,
		"size_y": 194.000000,
		"base_note": 48,
		"attack": 0.000000,
		"hold": 2.000000,
		"decay": 1.000000,
		"sustain": 0.900000,
		"release": 10.400000,
		"filename": "samples/piano.wav"
	},
	"CompressorComponent": {
		"id": 14,
		"pos_x": 861.000000,
		"pos_y": 408.000000,
		"size_x": 177.000000,
		"size_y": 187.000000,
		"threshold": -17.561001,
		"ratio": 6.739000,
		"gain": 2.356003,
		"Attack": 15.000000,
		"Release": 200.000000
	},
	"CompressorComponent": {
		"id": 17,
		"pos_x": 1231.000000,
		"pos_y": 480.000000,
		"size_x": 176.000000,
		"size_y": 186.000000,
		"threshold": -13.800014,
		"ratio": 6.510000,
		"gain": -1.799997,
		"Attack": 16.000000,
		"Release": 128.000000
	},
	"SpeakerComponent": {
		"id": 0,
		"pos_x": 1479.000000,
		"pos_y": 421.000000,
		"size_x": 100.000000,
		"size_y": 116.000000
	},
	"Connection": {
		"component_out": 4,
		"component_in": 3,
		"offset_out": 0,
		"offset_in": 0,
		"weight": 1.000000
	},
	"Connection": {
		"component_out": 1,
		"component_in": 5,
		"offset_out": 0,
		"offset_in": 0,
		"weight": 1.000000
	},
	"Connection": {
		"component_out": 1,
		"component_in": 2,
		"offset_out": 0,
		"offset_in": 0,
		"weight": 1.000000
	},
	"Connection": {
		"component_out": 6,
		"component_in": 8,
		"offset_out": 0,
		"offset_in": 0,
		"weight": 1.000000
	},
	"Connection": {
		"component_out": 16,
		"component_in": 9,
		"offset_out": 0,
		"offset_in": 0,
		"weight": 1.000000
	},
	"Connection": {
		"component_out": 3,
		"component_in": 11,
		"offset_out": 0,
		"offset_in": 0,
		"weight": 1.000000
	},
	"Connection": {
		"component_out": 2,
		"component_in": 13,
		"offset_out": 0,
		"offset_in": 0,
		"weight": 1.000000
	},
	"Connection": {
		"component_out": 5,
		"component_in": 13,
		"offset_out": 0,
		"offset_in": 0,
		"weight": 0.800000
	},
	"Connection": {
		"component_out": 9,
		"component_in": 18,
		"offset_out": 0,
		"offset_in": 0,
		"weight": 0.780000
	},
	"Connection": {
		"component_out": 8,
		"component_in": 18,
		"offset_out": 0,
		"offset_in": 0,
		"weight": 1.000000
	},
	"Connection": {
		"component_out": 11,
		"component_in": 12,
		"offset_out": 0,
		"offset_in": 0,
		"weight": 1.000000
	},
	"Connection": {
		"component_out": 1,
		"component_in": 15,
		"offset_out": 0,
		"offset_in": 0,
		"weight": 1.000000
	},
	"Connection": {
		"component_out": 4,
		"component_in": 15,
		"offset_out": 0,
		"offset_in": 0,
		"weight": 1.000000
	},
	"Connection": {
		"component_out": 13,
		"component_in": 14,
		"offset_out": 0,
		"offset_in": 0,
		"weight": 0.860000
	},
	"Connection": {
		"component_out": 14,
		"component_in": 17,
		"offset_out": 0,
		"offset_in": 0,
		"weight": 0.610000
	},
	"Connection": {
		"component_out": 15,
		"component_in": 17,
		"offset_out": 0,
		"offset_in": 0,
		"weight": 0.960000
	},
	"Connection": {
		"component_out": 3,
		"component_in": 17,
		"offset_out": 0,
		"offset_in": 0,
		"weight": 0.440000
	},
	"Connection": {
		"component_out": 12,
		"component_in": 17,
		"offset_out": 0,
		"offset_in": 0,
		"weight": 0.140000
	},
	"Connection": {
		"component_out": 18,
		"component_in": 17,
		"offset_out": 0,
		"offset_in": 1,
		"weight": 0.840000
	},
	"Connection": {
		"component_out": 17,
		"component_in": 0,
		"offset_out": 0,
		"offset_in": 0,
		"weight": 0.750000
	},
	"Connection": {
		"component_out": 18,
		"component_in": 0,
		"offset_out": 0,
		"offset_in": 0,
		"weight": 0.900000
	}
}