{
	"Settings": {
		"tempo": 174,
		"master_volume": 1.000000
	},
	"SpeakerComponent": {
		"id": 0,
		"pos_x": 1422.000000,
		"pos_y": 423.000000,
		"size_x": 100.000000,
		"size_y": 115.000000
	},
	"MIDIPlayerComponent": {
		"id": 1,
		"pos_x": 8.000000,
		"pos_y": 161.000000,
		"size_x": 337.000000,
		"size_y": 122.000000,
		"filename": "midi/scifi_arp.mid"
	},
	"OscillatorComponent": {
		"id": 2,
		"pos_x": 409.000000,
		"pos_y": 27.000000,
		"size_x": 288.000000,
		"size_y": 194.000000,
		"invert": 0,
		"phase": 0.000000,
		"transpose": -12,
		"detune": 0.000000,
		"portamento": 0.100000,
		"attack": 0.100000,
		"hold": 0.500000,
		"decay": 1.000000,
		"sustain": 0.186000,
		"release": 1.600000,
		"waveform": 2
	},
	"OscillatorComponent": {
		"id": 3,
		"pos_x": 412.000000,
		"pos_y": 231.000000,
		"size_x": 287.000000,
		"size_y": 195.000000,
		"invert": 0,
		"phase": 0.200000,
		"transpose": -12,
		"detune": 9.302000,
		"portamento": 0.000000,
		"attack": 0.100000,
		"hold": 0.500000,
		"decay": 1.000000,
		"sustain": 0.523000,
		"release": 1.116000,
		"waveform": 5
	},
	"FilterComponent": {
		"id": 4,
		"pos_x": 817.000000,
		"pos_y": 189.000000,
		"size_x": 148.000000,
		"size_y": 141.000000,
		"cutoff": 893.368042,
		"resonance": 0.484000,
		"filter_type": 0
	},
	"BitCrusherComponent": {
		"id": 5,
		"pos_x": 1021.000000,
		"pos_y": 32.000000,
		"size_x": 74.000000,
		"size_y": 224.000000,
		"gain": 1.000000,
		"bits": 16,
		"rate": 4
	},
	"MIDIPlayerComponent": {
		"id": 6,
		"pos_x": 15.000000,
		"pos_y": 537.000000,
		"size_x": 326.000000,
		"size_y": 123.000000,
		"filename": "midi/scifi_lead.mid"
	},
	"OscillatorComponent": {
		"id": 7,
		"pos_x": 402.000000,
		"pos_y": 638.000000,
		"size_x": 293.000000,
		"size_y": 197.000000,
		"invert": 0,
		"phase": 0.300000,
		"transpose": -12,
		"detune": 0.000000,
		"portamento": 0.600000,
		"attack": 0.186000,
		"hold": 0.500000,
		"decay": 1.000000,
		"sustain": 0.400000,
		"release": 2.977000,
		"waveform": 2
	},
	"DelayComponent": {
		"id": 8,
		"pos_x": 1101.000000,
		"pos_y": 297.000000,
		"size_x": 126.000000,
		"size_y": 120.000000,
		"steps": 4,
		"feedback": 0.260000
	},
	"FilterComponent": {
		"id": 9,
		"pos_x": 817.000000,
		"pos_y": 520.000000,
		"size_x": 128.000000,
		"size_y": 144.000000,
		"cutoff": 6180.590332,
		"resonance": 0.280000,
		"filter_type": 0
	},
	"OscillatorComponent": {
		"id": 10,
		"pos_x": 406.000000,
		"pos_y": 434.000000,
		"size_x": 290.000000,
		"size_y": 194.000000,
		"invert": 1,
		"phase": 0.000000,
		"transpose": 0,
		"detune": 2.000000,
		"portamento": 0.600000,
		"attack": 0.700000,
		"hold": 0.500000,
		"decay": 1.000000,
		"sustain": 0.416000,
		"release": 4.279000,
		"waveform": 5
	},
	"DelayComponent": {
		"id": 11,
		"pos_x": 1082.000000,
		"pos_y": 457.000000,
		"size_x": 120.000000,
		"size_y": 120.000000,
		"steps": 4,
		"feedback": 0.221000
	},
	"FlangerComponent": {
		"id": 13,
		"pos_x": 1193.000000,
		"pos_y": 63.000000,
		"size_x": 178.000000,
		"size_y": 172.000000,
		"delay": 0.500000,
		"depth": 0.500000,
		"rate": 1.000000,
		"phase": 0.020000,
		"feedback": 0.200000,
		"drywet": 0.700000
	},
	"FlangerComponent": {
		"id": 14,
		"pos_x": 1083.000000,
		"pos_y": 615.000000,
		"size_x": 181.000000,
		"size_y": 174.000000,
		"delay": 0.500000,
		"depth": 1.770327,
		"rate": 1.269000,
		"phase": 0.050000,
		"feedback": 0.575000,
		"drywet": 0.627000
	},
	"DistortionComponent": {
		"id": 15,
		"pos_x": 1307.000000,
		"pos_y": 605.000000,
		"size_x": 65.000000,
		"size_y": 120.000000,
		"amount": 0.500000
	},
	"Connection": {
		"component_out": 8,
		"component_in": 0,
		"offset_out": 0,
		"offset_in": 0,
		"weight": 0.700000
	},
	"Connection": {
		"component_out": 13,
		"component_in": 0,
		"offset_out": 0,
		"offset_in": 0,
		"weight": 1.000000
	},
	"Connection": {
		"component_out": 15,
		"component_in": 0,
		"offset_out": 0,
		"offset_in": 0,
		"weight": 0.680000
	},
	"Connection": {
		"component_out": 1,
		"component_in": 2,
		"offset_out": 0,
		"offset_in": 0,
		"weight": 1.000000
	},
	"Connection": {
		"component_out": 1,
		"component_in": 3,
		"offset_out": 0,
		"offset_in": 0,
		"weight": 1.000000
	},
	"Connection": {
		"component_out": 2,
		"component_in": 4,
		"offset_out": 0,
		"offset_in": 0,
		"weight": 1.000000
	},
	"Connection": {
		"component_out": 3,
		"component_in": 4,
		"offset_out": 0,
		"offset_in": 0,
		"weight": 0.810000
	},
	"Connection": {
		"component_out": 4,
		"component_in": 5,
		"offset_out": 0,
		"offset_in": 0,
		"weight": 1.000000
	},
	"Connection": {
		"component_out": 6,
		"component_in": 7,
		"offset_out": 0,
		"offset_in": 0,
		"weight": 1.000000
	},
	"Connection": {
		"component_out": 4,
		"component_in": 8,
		"offset_out": 0,
		"offset_in": 0,
		"weight": 1.000000
	},
	"Connection": {
		"component_out": 7,
		"component_in": 9,
		"offset_out": 0,
		"offset_in": 0,
		"weight": 1.000000
	},
	"Connection": {
		"component_out": 10,
		"component_in": 9,
		"offset_out": 0,
		"offset_in": 0,
		"weight": 0.700000
	},
	"Connection": {
		"component_out": 6,
		"component_in": 10,
		"offset_out": 0,
		"offset_in": 0,
		"weight": 1.000000
	},
	"Connection": {
		"component_out": 9,
		"component_in": 11,
		"offset_out": 0,
		"offset_in": 0,
		"weight": 1.000000
	},
	"Connection": {
		"component_out": 5,
		"component_in": 13,
		"offset_out": 0,
		"offset_in": 0,
		"weight": 1.000000
	},
	"Connection": {
		"component_out": 9,
		"component_in": 14,
		"offset_out": 0,
		"offset_in": 0,
		"weight": 1.000000
	},
	"Connection": {
		"component_out": 14,
		"component_in": 15,
		"offset_out": 0,
		"offset_in": 0,
		"weight": 0.500000
	},
	"Connection": {
		"component_out": 11,
		"component_in": 15,
		"offset_out": 0,
		"offset_in": 0,
		"weight": 0.500000
	}
}