{
	"Settings": {
		"tempo": 130,
		"master_volume": 1.000000
	},
	"SpeakerComponent": {
		"id": 0,
		"pos_x": 978.000000,
		"pos_y": 380.000000,
		"size_x": 101.000000,
		"size_y": 113.000000
	},
	"FMComponent": {
		"id": 2,
		"pos_x": 469.000000,
		"pos_y": 165.000000,
		"size_x": 288.000000,
		"size_y": 196.000000,
		"ratio_0": 1.000000,
		"ratio_1": 0.250000,
		"ratio_2": 4.000000,
		"ratio_3": 8.000000,
		"attack_0": 0.100000,
		"attack_1": 0.100000,
		"attack_2": 0.000000,
		"attack_3": 0.100000,
		"hold_0": 0.500000,
		"hold_1": 0.500000,
		"hold_2": 0.000000,
		"hold_3": 0.500000,
		"decay_0": 1.000000,
		"decay_1": 1.000000,
		"decay_2": 2.000000,
		"decay_3": 1.000000,
		"sustain_0": 0.500000,
		"sustain_1": 0.500000,
		"sustain_2": 0.000000,
		"sustain_3": 0.500000,
		"release": 1.120000,
		"weights": [ 0.340000, 0.000000, 0.000000, 0.000000, 2.000000, 0.000000, 0.000000, 0.000000, 0.000000, 0.260000, 0.280000, 0.000000, 0.000000, 0.000000, 0.000000, 0.000000 ],
		"outs": [ 1.000000, 0.000000, 0.000000, 0.000000 ]
	},
	"MIDIPlayerComponent": {
		"id": 4,
		"pos_x": 99.000000,
		"pos_y": 296.000000,
		"size_x": 271.000000,
		"size_y": 122.000000,
		"filename": "C:\Dev\Git\Synth\midi\seinfeld.mid"
	},
	"Connection": {
		"component_out": 2,
		"component_in": 0,
		"offset_out": 0,
		"offset_in": 0,
		"weight": 1.000000
	},
	"Connection": {
		"component_out": 4,
		"component_in": 2,
		"offset_out": 0,
		"offset_in": 0,
		"weight": 1.000000
	}
}