{
	"Settings": {
		"tempo": 130,
		"master_volume": 0.400000
	},
	"SpeakerComponent": {
		"id": 0,
		"pos_x": 1365.000000,
		"pos_y": 136.000000,
		"size_x": 139.000000,
		"size_y": 114.000000
	},
	"KeyboardComponent": {
		"id": 2,
		"pos_x": 60.000000,
		"pos_y": 60.000000,
		"size_x": 100.000000,
		"size_y": 100.000000
	},
	"OscillatorComponent": {
		"id": 3,
		"pos_x": 215.000000,
		"pos_y": 90.000000,
		"size_x": 292.000000,
		"size_y": 197.000000,
		"invert": 0,
		"phase": 0.000000,
		"transpose": 0,
		"detune": 0.000000,
		"portamento": 0.000000,
		"attack": 0.100000,
		"hold": 0.500000,
		"decay": 1.000000,
		"sustain": 0.500000,
		"release": 0.000000,
		"waveform": 2
	},
	"PhaserComponent": {
		"id": 4,
		"pos_x": 598.000000,
		"pos_y": 20.000000,
		"size_x": 233.000000,
		"size_y": 178.000000,
		"rate": 5.000000,
		"min_depth": 283.265015,
		"max_depth": 5532.104004,
		"phase": 0.070000,
		"num_stages": 3,
		"feedback": 0.570000,
		"drywet": 0.477000
	},
	"SpectrumComponent": {
		"id": 5,
		"pos_x": 444.000000,
		"pos_y": 298.000000,
		"size_x": 1119.000000,
		"size_y": 572.000000
	},
	"Connection": {
		"component_out": 4,
		"component_in": 0,
		"offset_out": 0,
		"offset_in": 0,
		"weight": 1.000000
	},
	"Connection": {
		"component_out": 2,
		"component_in": 3,
		"offset_out": 0,
		"offset_in": 0,
		"weight": 1.000000
	},
	"Connection": {
		"component_out": 3,
		"component_in": 4,
		"offset_out": 0,
		"offset_in": 0,
		"weight": 1.000000
	},
	"Connection": {
		"component_out": 4,
		"component_in": 5,
		"offset_out": 0,
		"offset_in": 0,
		"weight": 1.000000
	}
}