{
	"Settings": {
		"tempo": 130,
		"master_volume": 1.000000
	},
	"SpeakerComponent": {
		"id": 0,
		"pos_x": 1426.000000,
		"pos_y": 537.000000,
		"size_x": 101.000000,
		"size_y": 113.000000
	},
	"OscillatorComponent": {
		"id": 2,
		"pos_x": 148.000000,
		"pos_y": 403.000000,
		"size_x": 155.000000,
		"size_y": 341.000000,
		"invert": 0,
		"phase": 0.000000,
		"transpose": -5,
		"detune": 0.000000,
		"portamento": 0.000000,
		"attack": 0.000000,
		"hold": 0.500000,
		"decay": 1.000000,
		"sustain": 0.895000,
		"release": 0.000000,
		"waveform": 2
	},
	"SequencerComponent": {
		"id": 3,
		"pos_x": 33.000000,
		"pos_y": 55.000000,
		"size_x": 392.000000,
		"size_y": 116.000000,
		"pattern": [ 1.000000, 0.000000, 0.000000, 0.000000, 0.000000, 0.000000, 0.000000, 0.000000, 0.000000, 0.000000, 0.000000, 0.000000, 0.000000, 0.000000, 0.000000, 0.000000 ]
	},
	"SamplerComponent": {
		"id": 4,
		"pos_x": 493.000000,
		"pos_y": 93.000000,
		"size_x": 322.000000,
		"size_y": 132.000000,
		"base_note": 36,
		"filename": "samples/dance.wav"
	},
	"VocoderComponent": {
		"id": 5,
		"pos_x": 940.000000,
		"pos_y": 362.000000,
		"size_x": 239.000000,
		"size_y": 181.000000,
		"num_bands": 64,
		"width": 10.000000,
		"decay": 0.440000,
		"gain": 3.853000
	},
	"MIDIPlayerComponent": {
		"id": 8,
		"pos_x": 57.000000,
		"pos_y": 275.000000,
		"size_x": 343.000000,
		"size_y": 122.000000,
		"filename": "midi/carrier.mid"
	},
	"FilterComponent": {
		"id": 9,
		"pos_x": 1015.000000,
		"pos_y": 61.000000,
		"size_x": 148.000000,
		"size_y": 134.000000,
		"cutoff": 11009.000000,
		"resonance": 0.415000,
		"filter_type": 1
	},
	"DecibelComponent": {
		"id": 10,
		"pos_x": 1277.000000,
		"pos_y": 641.000000,
		"size_x": 135.000000,
		"size_y": 218.000000
	},
	"EqualizerComponent": {
		"id": 11,
		"pos_x": 437.000000,
		"pos_y": 442.000000,
		"size_x": 337.000000,
		"size_y": 213.000000,
		"NUM_BANDS": 4,
		"Band_0": {
			"mode": 5,
			"freq": 66.604248,
			"Q": 1.000000,
			"gain": -4.536585
		},
		"Band_1": {
			"mode": 3,
			"freq": 376.973572,
			"Q": 1.000000,
			"gain": 2.975610
		},
		"Band_2": {
			"mode": 3,
			"freq": 2161.413574,
			"Q": 1.000000,
			"gain": -3.365854
		},
		"Band_3": {
			"mode": 3,
			"freq": 7982.769531,
			"Q": 0.500000,
			"gain": -12.341463
		}
	},
	"Connection": {
		"component_out": 9,
		"component_in": 0,
		"offset_out": 0,
		"offset_in": 0,
		"weight": 1.000000
	},
	"Connection": {
		"component_out": 5,
		"component_in": 0,
		"offset_out": 0,
		"offset_in": 0,
		"weight": 1.000000
	},
	"Connection": {
		"component_out": 8,
		"component_in": 2,
		"offset_out": 0,
		"offset_in": 0,
		"weight": 1.000000
	},
	"Connection": {
		"component_out": 3,
		"component_in": 4,
		"offset_out": 0,
		"offset_in": 0,
		"weight": 1.000000
	},
	"Connection": {
		"component_out": 4,
		"component_in": 5,
		"offset_out": 0,
		"offset_in": 0,
		"weight": 1.000000
	},
	"Connection": {
		"component_out": 11,
		"component_in": 5,
		"offset_out": 0,
		"offset_in": 1,
		"weight": 1.000000
	},
	"Connection": {
		"component_out": 4,
		"component_in": 9,
		"offset_out": 0,
		"offset_in": 0,
		"weight": 1.000000
	},
	"Connection": {
		"component_out": 0,
		"component_in": 10,
		"offset_out": 0,
		"offset_in": 0,
		"weight": 1.000000
	},
	"Connection": {
		"component_out": 2,
		"component_in": 11,
		"offset_out": 0,
		"offset_in": 0,
		"weight": 1.000000
	}
}