{
	"Settings": {
		"tempo": 130,
		"master_volume": 0.300000
	},
	"SpeakerComponent": {
		"id": 0,
		"pos_x": 1372.000000,
		"pos_y": 348.000000,
		"size_x": 100.000000,
		"size_y": 100.000000
	},
	"KeyboardComponent": {
		"id": 1,
		"pos_x": 60.000000,
		"pos_y": 60.000000,
		"size_x": 100.000000,
		"size_y": 100.000000
	},
	"OscillatorComponent": {
		"id": 2,
		"pos_x": 220.000000,
		"pos_y": 76.000000,
		"size_x": 155.000000,
		"size_y": 341.000000,
		"invert": 0,
		"phase": 0.000000,
		"transpose": 0,
		"detune": 0.000000,
		"portamento": 0.000000,
		"attack": 0.100000,
		"hold": 0.500000,
		"decay": 1.000000,
		"sustain": 0.500000,
		"release": 0.000000,
		"waveform": 2
	},
	"BitCrusherComponent": {
		"id": 3,
		"pos_x": 837.000000,
		"pos_y": 153.000000,
		"size_x": 197.000000,
		"size_y": 134.000000,
		"gain": 5.175000,
		"bits": 29,
		"rate": 12
	},
	"FilterComponent": {
		"id": 4,
		"pos_x": 492.000000,
		"pos_y": 194.000000,
		"size_x": 148.000000,
		"size_y": 134.000000,
		"cutoff": 491.217987,
		"resonance": 0.671000,
		"filter_type": 0
	},
	"Connection": {
		"component_out": 3,
		"component_in": 0,
		"offset_out": 0,
		"offset_in": 0,
		"weight": 1.000000
	},
	"Connection": {
		"component_out": 1,
		"component_in": 2,
		"offset_out": 0,
		"offset_in": 0,
		"weight": 1.000000
	},
	"Connection": {
		"component_out": 4,
		"component_in": 3,
		"offset_out": 0,
		"offset_in": 0,
		"weight": 1.000000
	},
	"Connection": {
		"component_out": 2,
		"component_in": 4,
		"offset_out": 0,
		"offset_in": 0,
		"weight": 1.000000
	}
}