{"nodes":{"node:1":{"location":{"x":294,"y":48}}},"selection":null,"view":{"scroll":{"x":73.7248687744140625,"y":-113.222312927246094},"zoom":1}}